Name,Gender,Parents Name,Parents Education,
James,M,Mechelle Stoneman,bachelor's degree,
John,M,Tyesha Freitag,some college,
Robert,M,Dean Stoecker,some high school,
Michael,M,Annelle Pickney,associate's degree,
William,M,Margareta Tacy,some high school,
Mary,F,Meghann Placencia,some high school,
David,M,Kendrick Cieslak,high school,
Joseph,M,Polly Isenberg,high school,
Richard,M,Evelyne Racicot,high school,
Charles,M,Augustus Delaune,associate's degree,
Thomas,M,Shawanda Client,some college,
Christopher,M,Loura Coffield,high school,
Daniel,M,Lorriane Machin,some college,
Matthew,M,Lacey Osier,bachelor's degree,
Elizabeth,F,Nicki Malchow,high school,
Patricia,F,Sidney Bodiford,associate's degree,
Jennifer,F,Barbie Cun,bachelor's degree,
Anthony,M,Elden Hanshaw,some college,
George,M,Blossom Loggins,some college,
Linda,F,Joseph Dennie,associate's degree,
Barbara,F,Pattie Markley,some college,
Donald,M,Genevieve Spahn,bachelor's degree,
Paul,M,Luciano Jaworski,associate's degree,
Mark,M,Noe Mahler,some college,
Andrew,M,Karri Bransford,some college,
Steven,M,Larae Bonney,some college,
Kenneth,M,Sharita Fierros,high school,
Edward,M,Frederica Perla,some high school,
Joshua,M,Mara Elder,some college,
Margaret,F,Enola Volz,some high school,
Brian,M,Leslie Mccardell,some college,
Kevin,M,Gina Coria,bachelor's degree,
Jessica,F,Marietta Taing,high school,
Sarah,F,Karlyn Buchholtz,bachelor's degree,
Susan,F,Herma Renken,some high school,
Timothy,M,Gertrud Gillispie,some high school,
Dorothy,F,Kelsie Lavoie,some college,
Jason,M,Selena Jenney,some college,
Ronald,M,Teri Schooley,some high school,
Helen,F,Lizette Campana,some college,
Ryan,M,Mayra Luby,bachelor's degree,
Jeffrey,M,Luisa Finneran,associate's degree,
Karen,F,Genoveva Herrod,some high school,
Nancy,F,Tandra Toon,master's degree,
Betty,F,Zoe Mangrum,some high school,
Lisa,F,Marquerite Salaam,bachelor's degree,
Jacob,M,Alva Fonte,associate's degree,
Nicholas,M,Maudie Cage,associate's degree,
Ashley,F,Hilde Greaves,master's degree,
Eric,M,Christiana Rippe,some high school,
Frank,M,Bulah Warr,some high school,
Gary,M,Azzie Stolte,some college,
Anna,F,Sharri Whistler,bachelor's degree,
Stephen,M,Rebecka Holliman,associate's degree,
Jonathan,M,Bryce Muse,high school,
Sandra,F,Merideth Marcus,master's degree,
Emily,F,Nova Boden,some high school,
Amanda,F,Granville Watchman,some college,
Kimberly,F,Marquerite Dearborn,some college,
Michelle,F,Arielle Ketcham,associate's degree,
Donna,F,Shona Buggs,some high school,
Justin,M,Aleta Ciesla,high school,
Laura,F,Jenni Wichman,high school,
Ruth,F,Cuc Phinney,associate's degree,
Carol,F,Danica Fleig,some high school,
Brandon,M,Shaquana Emigh,some high school,
Larry,M,Brinda Master,some high school,
Scott,M,Janell Hinojos,some college,
Melissa,F,Karri Celestin,some college,
Stephanie,F,Enid Bouley,high school,
Benjamin,M,Desire Klenke,high school,
Raymond,M,Brian Chamberlain,some high school,
Samuel,M,Kristeen Farabaugh,associate's degree,
Rebecca,F,Gilda Vanatta,associate's degree,
Deborah,F,Princess Bumbrey,high school,
Gregory,M,Earlie Townson,associate's degree,
Sharon,F,Fumiko Laliberte,master's degree,
Kathleen,F,Sherie Chason,some college,
Amy,F,Gricelda Maravilla,associate's degree,
Cynthia,F,Serafina Knoll,some high school,
Alexander,M,Sachiko Younkin,bachelor's degree,
Patrick,M,Jena Noles,high school,
Jack,M,Shelby Wiser,bachelor's degree,
Henry,M,Margareta Spies,associate's degree,
Angela,F,Dinorah Furey,some college,
Shirley,F,Kiyoko Lechuga,high school,
Emma,F,Danny Kreger,associate's degree,
Catherine,F,Nolan Fenwick,high school,
Katherine,F,Lesli Unrein,master's degree,
Virginia,F,Donya Bartle,some high school,
Nicole,F,Palma Flanery,some college,
Dennis,M,Kenny Clothier,some college,
Walter,M,Kristen Lossing,bachelor's degree,
Tyler,M,Karoline Felix,some high school,
Peter,M,Alan Voll,some high school,
Brenda,F,Glenda Woolfolk,some high school,
Aaron,M,Alyson Hosack,associate's degree,
Jerry,M,Francis Sines,high school,
Christine,F,Riley Bagnall,high school,
Samantha,F,Carmina Camp,some high school,
Adam,M,Alethia Tiemann,some high school,
Rachel,F,Deborah Molinar,some college,
Pamela,F,Marvella Huckstep,associate's degree,
Frances,F,Sallie Briley,associate's degree,
Nathan,M,Scottie Backer,high school,
Douglas,M,Beatriz Kinsey,some high school,
Heather,F,Mason Carrow,some college,
Evelyn,F,Regenia Blish,high school,
Jose,M,Necole Faria,some high school,
Alice,F,Samantha Hadfield,associate's degree,
Janet,F,Lida Sing,some high school,
Maria,F,Bette Church,some high school,
Zachary,M,Illa Friscia,some college,
Carolyn,F,Magdalena Clabaugh,high school,
Debra,F,Sol Lemley,high school,
Harold,M,Angelyn Nave,associate's degree,
Martha,F,Lorie Hempstead,some college,
Marie,F,Darlena Brubaker,some college,
Arthur,M,Ivory Almonte,associate's degree,
Julie,F,Keva Sauage,some college,
Kyle,M,Krystin Morita,associate's degree,
Diane,F,Margarito Hintzen,bachelor's degree,
Christina,F,Alanna Gillispie,bachelor's degree,
Victoria,F,Alayna Rosenblatt,associate's degree,
Joyce,F,Deeann Thomsen,bachelor's degree,
Carl,M,Guy Moulton,high school,
Lauren,F,Ming Scudder,bachelor's degree,
Grace,F,Mickey Espino,some college,
Kelly,F,Mellissa Mortimore,some college,
Albert,M,Lesia Stoute,some college,
Rose,F,Pauletta Murton,bachelor's degree,
Megan,F,Solomon Chamberlin,some college,
Joan,F,Neville Yocom,associate's degree,
Jeremy,M,Vera Edmiston,high school,
Ann,F,Lawerence Amburn,high school,
Julia,F,Cedrick Agnew,some college,
Kathryn,F,Melinda Kuchta,associate's degree,
Lawrence,M,Alma Gelinas,high school,
Olivia,F,Francis Sikes,associate's degree,
Judith,F,Minerva Giles,some high school,
Doris,F,Nikki Iskra,associate's degree,
Jean,F,Lore Coil,bachelor's degree,
Andrea,F,Marlena Craner,bachelor's degree,
Gerald,M,Darius Trojacek,associate's degree,
Sean,M,Sade Gasaway,master's degree,
Joe,M,Sybil Rahman,associate's degree,
Keith,M,Zoraida Sumner,high school,
Sara,F,Raina Mccrae,associate's degree,
Cheryl,F,Elsa Mcspadden,some college,
Hannah,F,Bernadine Chung,high school,
Mildred,F,Francie Frase,associate's degree,
Willie,M,Mariana Vavra,high school,
Lillian,F,Nakita Primer,some college,
Roger,M,Aletha Hardesty,associate's degree,
Jesse,M,Dwain Sargeant,some high school,
Jacqueline,F,Thea Hubbs,associate's degree,
Ethan,M,Caleb Peters,associate's degree,
Terry,M,Sparkle Kaestner,associate's degree,
Christian,M,Narcisa Hsieh,some college,
Harry,M,Sherwood Vanalstyne,bachelor's degree,
Teresa,F,Jeanice Joy,high school,
Austin,M,Bert Riter,high school,
Gloria,F,Dorotha Aldinger,some college,
Ralph,M,Anisha Thomson,some college,
Janice,F,Rufus Amerine,some high school,
Roy,M,Roslyn Alaimo,some college,
Theresa,F,Noelle Raybon,master's degree,
Amber,F,Shanae Hanger,associate's degree,
Danielle,F,William Hopf,some college,
Noah,M,Adolfo Bella,associate's degree,
Bryan,M,Xenia Schubert,master's degree,
Jordan,M,Brenton Tokarski,some high school,
Louis,M,Hal Bender,high school,
Brittany,F,Geraldine Border,bachelor's degree,
Bruce,M,Setsuko Pardo,master's degree,
Madison,F,Meghan Sydnor,bachelor's degree,
Judy,F,Lavern Gard,some college,
Billy,M,Cyrus Beckham,some high school,
Dylan,M,Leeanne Fortunato,some high school,
Denise,F,Nilda Deyoung,some high school,
Beverly,F,Marylee Greenburg,master's degree,
Eugene,M,Gay Aubert,some high school,
Jane,F,Janel Carley,some college,
Marilyn,F,Damaris Nestle,some college,
Abigail,F,Jeanine Hoerr,some high school,
Diana,F,Wiley Scotto,high school,
Charlotte,F,Dian Cobian,some college,
Natalie,F,Brendan Zilnicki,associate's degree,
Tiffany,F,Mana Seegmiller,bachelor's degree,
Wayne,M,Flavia Nitta,master's degree,
Russell,M,Humberto Ware,high school,
Alan,M,Ned Permenter,some college,
Crystal,F,Albertina Junkin,some high school,
Sophia,F,Rosia Duron,high school,
Irene,F,Kena Stallings,bachelor's degree,
Juan,M,Lolita Pringle,associate's degree,
Ruby,F,Kristen Gilley,associate's degree,
Gabriel,M,Genaro Koga,some high school,
Philip,M,Suzanna Putman,associate's degree,
Annie,F,Candy Konieczny,associate's degree,
Kayla,F,Ozella Conner,high school,
Vincent,M,Leonel Hock,bachelor's degree,
Lori,F,Vannesa Millard,associate's degree,
Howard,M,Melonie Villacorta,high school,
Alexis,F,Dorine Zeitler,bachelor's degree,
Erin,F,Bridget Conyers,associate's degree,
Fred,M,Jacklyn Dyment,high school,
Logan,M,Felicita Maclachlan,associate's degree,
Isabella,F,Herbert Gamache,associate's degree,
Tammy,F,Antonietta Llewellyn,associate's degree,
Louise,F,Pennie Alling,master's degree,
Florence,F,Laree Kay,some high school,
Randy,M,Antonio Navarette,some high school,
Bradley,M,Steve Mainor,high school,
Kathy,F,Gertrud Sather,high school,
Lois,F,Nan Beverley,master's degree,
Anne,F,Walter Belford,some high school,
Bonnie,F,Colby Hobart,bachelor's degree,
Victor,M,Patrick Nocera,associate's degree,
Taylor,F,Hilary Modeste,some college,
Travis,M,Elke Licht,associate's degree,
Phyllis,F,Faustina Dunson,some college,
Shawn,M,Tara Clingman,associate's degree,
Phillip,M,Elva Hochmuth,master's degree,
Shannon,F,Opal Groover,associate's degree,
Martin,M,Maryln Ferris,some high school,
Johnny,M,Katrina Almon,some college,
Craig,M,Stephane Labelle,some college,
Allison,F,Christene Gloria,bachelor's degree,
Bobby,M,Araceli Majewski,some college,
Alyssa,F,Marilou Funderburg,bachelor's degree,
Ella,F,America Tocci,associate's degree,
Josephine,F,Erich Ragin,bachelor's degree,
Ernest,M,Neoma Pellegrino,master's degree,
Stanley,M,Sid Lamore,high school,
Cody,M,Stella Morman,bachelor's degree,
Clarence,M,Ha Durrah,some college,
Tina,F,Chantel Absher,bachelor's degree,
Elijah,M,Torri Wert,some college,
Leonard,M,Michelina Holscher,high school,
Carlos,M,Verlene Arviso,high school,
Dawn,F,Lois Tew,associate's degree,
Robin,F,Miguelina Hoyte,some college,
Edna,F,Evelina Willaert,high school,
Cameron,M,Ranae Topp,some college,
Peggy,F,Carolann Veasley,master's degree,
Caleb,M,Jeannette Gravelle,some high school,
Eleanor,F,Lenita Slevin,some high school,
Isaac,M,Valentina Quinby,bachelor's degree,
Todd,M,Latoyia Bushway,associate's degree,
Jamie,F,Keitha Wold,some college,
Earl,M,Flora Plascencia,associate's degree,
Francis,M,Azucena Herder,high school,
Jimmy,M,Kathi Lilienthal,bachelor's degree,
Mason,M,Andrea Saine,some college,
Danny,M,Shawna Riviera,some high school,
Audrey,F,Nolan Harwell,some college,
Rita,F,Jennell Leverich,some high school,
Luke,M,Birgit Puente,bachelor's degree,
Dale,M,Gerry Medal,high school,
Alex,M,Palma Sample,bachelor's degree,
Paula,F,Annalisa Rotolo,bachelor's degree,
Clara,F,Eilene Jolly,high school,
Wanda,F,Kathey Keep,some high school,
Joel,M,Fanny Dutra,high school,
Evan,M,Leanne Proto,some high school,
Norma,F,Traci Heier,master's degree,
Luis,M,Jennette Everett,high school,
Courtney,F,Levi Sharpton,some college,
Ethel,F,Jackson Sills,high school,
Nathaniel,M,Fabiola Virden,master's degree,
Wendy,F,Wan Zajac,some high school,
Ellen,F,Franklin Kruger,associate's degree,
Leslie,F,Delcie Graffam,master's degree,
Marjorie,F,Yolonda Jorgenson,some college,
Vanessa,F,Kraig Grove,associate's degree,
Allen,M,Joanna Westman,some college,
Valerie,F,Luetta Wyse,some college,
Carrie,F,Nana Neilsen,bachelor's degree,
Ava,F,Elidia Gillett,associate's degree,
Eva,F,Lien Brigmond,associate's degree,
Frederick,M,Meaghan Majeed,high school,
Curtis,M,Dominica Lanterman,bachelor's degree,
Edith,F,Cami Ryals,bachelor's degree,
Connie,F,Caroline Fleischer,master's degree,
Lucas,M,Joyce Pleasant,associate's degree,
Gladys,F,Kyung Hearne,high school,
Cindy,F,Ranee Boomhower,bachelor's degree,
Tracy,F,Jong Steele,high school,
Elaine,F,Benton Duty,some college,
Hazel,F,Margrett Hanks,bachelor's degree,
Monica,F,Sherwood Lingenfelter,some college,
Norman,M,Livia Starr,associate's degree,
Esther,F,Edna Holt,associate's degree,
Melanie,F,Denise Balser,some college,
Brianna,F,Rolf Galley,some high school,
Antonio,M,Enedina Mika,some college,
Jasmine,F,Brandon Authement,high school,
Chad,M,Afton Dees,bachelor's degree,
Katie,F,Cecile Kealey,high school,
Tony,M,Dusty Bickel,some high school,
Rodney,M,Nichelle Wasko,high school,
Glenn,M,Leeanna Gregson,high school,
Marvin,M,Perry Daigneault,some high school,
April,F,Solange Borror,some college,
Derek,M,Jamey Kirwin,associate's degree,
Erica,F,Jani Foulds,high school,
Ian,M,Ted Hartig,associate's degree,
Adrian,M,Grace Fitch,some high school,
Theodore,M,Idalia Peluso,high school,
Alexandra,F,Gerri Rotter,high school,
Marcus,M,Mervin Woolum,bachelor's degree,
Alfred,M,Nobuko Bialek,associate's degree,
Jackson,M,Kizzy Mancil,high school,
Edwin,M,Nelda Lucian,high school,
Melvin,M,Odessa Marshburn,some college,
Sylvia,F,Armida Johanson,some high school,
Sheila,F,Yang Lubinski,high school,
Alicia,F,Luciana Breneman,some college,
Steve,M,Joaquin Southworth,associate's degree,
Leah,F,Madalyn Pettiford,some high school,
Hunter,M,Annika Seamon,some college,
Lee,M,Deanna Cleek,associate's degree,
Jeffery,M,Lynn Clifton,some high school,
Kristen,F,Horacio Gilford,associate's degree,
Caroline,F,Silvana Gosier,associate's degree,
Mia,F,Casimira Bakker,some college,
Sherry,F,Milagros Hixson,some high school,
Angel,M,Vaughn Revilla,some college,
Jesus,M,Cornelia Holly,high school,
Dustin,M,Maryanna Klemme,associate's degree,
Herbert,M,Ines Breeden,some high school,
Pauline,F,Bill Kuhlmann,some college,
Michele,F,Ilda Bethel,bachelor's degree,
Veronica,F,Norene Boudreau,bachelor's degree,
Ricky,M,Sheron Lefever,some college,
Liam,M,Stefany Pietrzak,master's degree,
Wesley,M,Cathleen Brawn,associate's degree,
Thelma,F,Loriann Wedeking,some college,
Suzanne,F,Jonathon Red,associate's degree,
Lucille,F,Genie Muma,some college,
Morgan,F,Arletha Badalamenti,some college,
Joanne,F,Elza Buser,high school,
Troy,M,Alaina Lykes,high school,
Chloe,F,Pamula Dalzell,associate's degree,
Anita,F,Maricela Jhonson,associate's degree,
Connor,M,Audry Mcgarr,high school,
Isaiah,M,Kyla Bingaman,some college,
Julian,M,Shyla Tubman,master's degree,
Jared,M,Scottie Felton,some high school,
Holly,F,Terrance Joy,high school,
Lorraine,F,Yee Trieu,some high school,
Jayden,M,Houston Oller,master's degree,
Jill,F,Ladawn Ates,associate's degree,
Geraldine,F,Marylouise Dorn,high school,
Rhonda,F,Rex Merriam,some college,
Dolores,F,Rosetta Heidenreich,some college,
Eddie,M,Billye Serafin,some high school,
Vivian,F,Brittaney Hermes,bachelor's degree,
Darlene,F,Nannie Colligan,master's degree,
Aiden,M,Emmy Gallaway,some college,
Calvin,M,Giselle Lou,bachelor's degree,
Shane,M,Pam Melendez,high school,
Leo,M,Julius Blazek,master's degree,
Juanita,F,Krystina Lucca,some college,
Sally,F,Raisa Musgrove,some college,
Lucy,F,Carmelo Wain,master's degree,
Bertha,F,Kera Gilkison,some college,
Gail,F,Xavier Trotta,some college,
Oscar,M,Florance Lawhon,associate's degree,
Mike,M,Albertha Digennaro,associate's degree,
Randall,M,Andra Bevel,some high school,
Ray,M,Winford Hamlin,associate's degree,
Bernard,M,Bonny Horney,associate's degree,
Jeremiah,M,Codi Garrels,associate's degree,
Dana,F,Kristeen Warman,associate's degree,
Brooke,F,Trinidad Graziano,associate's degree,
Leroy,M,Viva Roda,some college,
Amelia,F,Manual Vales,associate's degree,
Corey,M,Brendon Puente,associate's degree,
June,F,Nathalie Devita,associate's degree,
Owen,M,Zelda Ogren,high school,
Claire,F,Sadie Hazelton,associate's degree,
Jay,M,Vinnie Bains,high school,
Kristin,F,Frederick Rankins,some college,
Beatrice,F,Trish Vickers,associate's degree,
Clifford,M,Masako Allman,some college,
Marion,F,Ferne Villalpando,high school,
Renee,F,Elna Kowal,some high school,
Tara,F,Aaron Castello,high school,
Madeline,F,Gerard Barrientos,associate's degree,
Barry,M,Wes Imel,associate's degree,
Debbie,F,Stella Sears,some college,
Eileen,F,Josette Vavra,some high school,
Manuel,M,Guadalupe Linen,bachelor's degree,
Ida,F,Jeremiah Damiani,some high school,
Lynn,F,Roxy Lauber,associate's degree,
Blake,M,Federico Biros,associate's degree,
Dean,M,Sol Dantonio,some high school,
Kim,F,Lucas Anchondo,some high school,
Bernice,F,Ok Then,some high school,
Ronnie,M,Mei Vaz,some college,
Warren,M,Janelle Haddox,associate's degree,
Gavin,M,Donald Trollinger,associate's degree,
Miguel,M,Shakira Moreles,some college,
Cassandra,F,Crista Cuccia,some college,
Regina,F,Phung Dinh,associate's degree,
Elsie,F,Paul Lockett,some high school,
Jo,F,Merlyn Hults,some high school,
Tommy,M,Kym Rotter,associate's degree,
Trevor,M,Jocelyn Akey,some high school,
Stella,F,Yukiko Furtado,bachelor's degree,
Gertrude,F,Sonny Wilner,some high school,
Loretta,F,Verna Beller,master's degree,
Rosa,F,Hai Lippert,associate's degree,
Sydney,F,Deeann Burdette,high school,
Oliver,M,Londa Gamache,some college,
Chelsea,F,Shaina Sentell,associate's degree,
Roberta,F,Dominick Dolson,high school,
Savannah,F,Len Bufford,some college,
Lindsey,F,Luvenia Mattis,some college,
Brett,M,Alysa Harlow,associate's degree,
Colleen,F,Eliz Jennings,some college,
Gordon,M,Claris Lamons,some high school,
Mitchell,M,Vina Uhlig,bachelor's degree,
Charlie,M,Glendora Hemminger,high school,
Dominic,M,Nelly Hardman,high school,
Jessie,F,Cinda Hargett,associate's degree,
Annette,F,Clarinda Pett,some college,
Molly,F,Aisha Waller,associate's degree,
Cathy,F,Carina Maybee,some high school,
Stacy,F,Joanna Savoy,some college,
Laurie,F,Kayleen Watts,some college,
Lydia,F,Tobias Wronski,bachelor's degree,
Jon,M,Karrie Gust,some college,
Chase,M,Migdalia Schimmel,bachelor's degree,
Leon,M,Markita Morphis,associate's degree,
Bessie,F,Sid Welk,high school,
Seth,M,Iliana Strauch,some college,
Kaitlyn,F,Tawana Showers,some college,
Don,M,Keren Godbout,master's degree,
Naomi,F,Laureen Wrinkle,associate's degree,
Jeanette,F,Grady Kellogg,associate's degree,
Hailey,F,Ulrike Gurley,some high school,
Jeanne,F,Gracie Rawlings,associate's degree,
Darrell,M,Margurite Knebel,high school,
Lloyd,M,Claud Lecompte,associate's degree,
Carter,M,Cole Vanhouten,some college,
Jerome,M,Frances Lloyd,bachelor's degree,
Erik,M,Lakendra Schlottmann,high school,
Alvin,M,Rocky Pridmore,bachelor's degree,
Beth,F,Esmeralda Platts,bachelor's degree,
Jenna,F,Rod Kropf,some high school,
Yvonne,F,Marilynn Speer,some college,
Rosemary,F,Ira Melendez,bachelor's degree,
Landon,M,Hae Leininger,associate's degree,
Bill,M,Melita Hiemstra,some college,
Haley,F,Jacquetta Baillargeon,high school,
Alma,F,Lucio Shahid,some college,
Wyatt,M,Travis Hamlett,high school,
Micheal,M,Mariko Lemoine,some high school,
Agnes,F,Janina Jennison,some college,
Gina,F,Marina Ocon,master's degree,
Minnie,F,Laurette Crumpler,bachelor's degree,
Sebastian,M,Britteny Frierson,master's degree,
Devin,M,Kerri Grizzle,some high school,
Georgia,F,Trudi Deshazo,some college,
Stacey,F,Keitha Muncy,some college,
Pearl,F,Gerri Gargano,bachelor's degree,
Vicki,F,Lin Veliz,bachelor's degree,
Joann,F,Camelia Drennen,some high school,
Max,M,Tatyana Reeser,high school,
Kelsey,F,Felisa Campo,associate's degree,
Lillie,F,Tyler Frandsen,some college,
Levi,M,Mickey Warfield,some high school,
Lily,F,Buster Defilippo,some college,
Floyd,M,Lorine Mchargue,some college,
Carla,F,Alpha Wicker,high school,
Edgar,M,Alesha Borey,some college,
Lewis,M,Pattie Remo,some college,
Jim,M,Yang Granillo,some high school,
Nora,F,Lynn Sax,associate's degree,
Maureen,F,Rosio Hoard,bachelor's degree,
Brent,M,Cherri Jasinski,associate's degree,
Heidi,F,Phoebe Plotner,some high school,
Derrick,M,Silas Selvy,bachelor's degree,
Mario,M,Georgette Chism,associate's degree,
Nellie,F,Lakiesha Hightower,bachelor's degree,
Lindsay,F,Tona Koss,some high school,
Kristina,F,Lorette Rotondo,some college,
Shelby,F,Lorinda Bethke,high school,
Terri,F,Arlen Clinard,some college,
Destiny,F,Lesley Lipton,associate's degree,
Vernon,M,Rosanne Mayers,associate's degree,
Paige,F,Selina Leffler,associate's degree,
Chris,M,Milford Sang,some college,
Marc,M,Geraldine Crimmins,master's degree,
Violet,F,Veta Crochet,high school,
Willie,F,Haley Warwick,master's degree,
Arlene,F,Dulcie Wehmeyer,bachelor's degree,
Sue,F,Hallie Swiger,high school,
Cole,M,Reyna Bourgault,master's degree,
Daisy,F,Lynda Payan,high school,
Sabrina,F,Stephaine Coulter,some college,
Ricardo,M,Fatima Seaton,high school,
Carmen,F,Deeann Balboa,some high school,
Clyde,M,Jacquelyne Knipe,some college,
Marian,F,Migdalia Killingsworth,associate's degree,
Vera,F,Silas Elfrink,bachelor's degree,
Constance,F,Su Mcmillin,master's degree,
Deanna,F,Charlesetta Sillman,high school,
Wilma,F,Sandee Hanna,associate's degree,
Colin,M,Manual Steil,master's degree,
Melinda,F,Delmer Zielinski,some high school,
Tom,M,Alla Cann,master's degree,
Lena,F,Nena Sarabia,some college,
Tamara,F,Sebastian Harn,high school,
Joy,F,Consuela Aikins,associate's degree,
Faith,F,Alissa Chambers,some high school,
Clayton,M,Hilary Seabrooks,associate's degree,
Maurice,M,Eufemia Rossetti,high school,
Gabrielle,F,John Belmont,some high school,
Cory,M,Mona Mazzoni,some high school,
Franklin,M,Sonya Molnar,bachelor's degree,
Ivan,M,Ozell Weir,associate's degree,
Xavier,M,Sanford Dungy,some college,
Charlene,F,Vito Mackin,some high school,
Katelyn,F,Evelina Tallon,some college,
Francisco,M,Paulene Gobeil,master's degree,
Sofia,F,Angla Hartzler,associate's degree,
Garrett,M,Bulah Wark,some high school,
Myrtle,F,Lorean Ogan,high school,
Cora,F,Dorothy Steger,some college,
Jordan,F,Benny Kosinski,bachelor's degree,
Alejandro,M,Rasheeda Buell,associate's degree,
Herman,M,Aracely Engler,some college,
Mabel,F,Becky Copland,associate's degree,
Jorge,M,Annamaria Donadio,associate's degree,
Marcia,F,Burt Maciel,some college,
Grant,M,Bethany Mcmanis,some high school,
Marlene,F,Adrianna Goodwill,bachelor's degree,
Erika,F,Delsie Rockhill,high school,
Zoe,F,Emanuel Motz,some college,
Mackenzie,F,Duane Mojarro,some college,
Glen,M,Estefana Chi,some high school,
Viola,F,Temple Delgiudice,some college,
Gilbert,M,Millie Skipworth,high school,
Jake,M,Melania Stillings,associate's degree,
Mattie,F,Caroyln Miser,high school,
Nina,F,Sigrid Casares,some high school,
Claudia,F,Rowena Nurse,associate's degree,
Lester,M,Chu Maughan,high school,
Kaylee,F,Drucilla Devenport,high school,
Avery,F,Willis Neiman,some high school,
Elmer,M,Hellen Kimberling,high school,
Tanya,F,Libbie Klopp,associate's degree,
Andre,M,Cecille Normand,some high school,
Alexa,F,Melita Gurr,some high school,
Jennie,F,Katelin Kalina,associate's degree,
Autumn,F,Rosa Leonard,master's degree,
Sadie,F,Sheena Hadden,some college,
Gene,M,Karena Neace,high school,
Sam,M,Carmon Ashford,some high school,
Marissa,F,Ardella Camacho,some college,
Colton,M,Hoyt Shadduck,some college,
Spencer,M,Todd Holgate,associate's degree,
Eli,M,Qiana Levan,bachelor's degree,
Alison,F,Risa Magwood,some high school,
Caitlin,F,Hortense Chattin,bachelor's degree,
Harvey,M,Lee Esses,associate's degree,
Tonya,F,Mohamed Bolles,bachelor's degree,
Priscilla,F,Merrill Ballenger,some high school,
Addison,F,Deeann Ashburn,some college,
Isabel,F,Perry Viera,associate's degree,
Angelina,F,Joyce Sciacca,high school,
Brayden,M,Clayton Shealy,bachelor's degree,
Sophie,F,Nada Sheilds,high school,
Chester,M,Deanna Rome,some college,
Jeff,M,Greta Sartain,some high school,
Gwendolyn,F,Whitley Leppert,associate's degree,
Casey,M,Jenette Shover,associate's degree,
Bryce,M,Franchesca Centers,high school,
Patsy,F,Myrtice Lonzo,high school,
Tristan,M,Santina Cybulski,high school,
Gabriella,F,Kayleigh Cartier,some high school,
Taylor,M,Dori Reasoner,some college,
Leslie,M,Raymundo Alcorn,some high school,
Maggie,F,Edythe Knutsen,master's degree,
Miranda,F,Adell Westmoreland,high school,
Darren,M,Delores Gullick,some college,
Delores,F,Cuc Kossman,associate's degree,
Milton,M,Lakendra Bobby,associate's degree,
Duane,M,Oneida Haberman,some college,
Preston,M,Ghislaine Southwick,master's degree,
Kylie,F,Ardis Overbey,some high school,
Reginald,M,Fermin Work,some college,
Genevieve,F,Saundra Voshell,some high school,
Ruben,M,Bret Styers,high school,
Aidan,M,Kortney Shear,high school,
Brandy,F,Luanna Gabler,some high school,
Yolanda,F,Danette Lares,bachelor's degree,
Maxine,F,Melisa Munday,high school,
Aubrey,F,Myriam Roberie,associate's degree,
Jessie,M,Izetta Policastro,some college,
Roberto,M,Renata Fettig,bachelor's degree,
Carole,F,Les Lindsey,some college,
Jimmie,M,Harris Descoteaux,associate's degree,
Joanna,F,Jazmine Emery,some college,
Neil,M,Sherrie Pendelton,some college,
Miriam,F,Zaida Romney,bachelor's degree,
Natasha,F,Florencio Coleman,some high school,
Carson,M,Velva Bing,high school,
Katrina,F,Ying Scheetz,some high school,
Leona,F,Keli Shen,bachelor's degree,
Glenda,F,Mitch Grajeda,high school,
Lance,M,Bryon Furness,high school,
Mae,F,Tamie Bertucci,bachelor's degree,
Mariah,F,Shaniqua Pulido,some college,
Vickie,F,Adina Farris,some high school,
Brandi,F,Landon Constantino,associate's degree,
Whitney,F,Russell Batres,associate's degree,
Jocelyn,F,Leesa Rieke,some high school,
Josiah,M,Hank Noblitt,bachelor's degree,
Everett,M,Priscilla Lamphere,some high school,
Riley,F,Candida Custis,associate's degree,
Diego,M,Karon Wilmes,some high school,
Parker,M,Prudence Cutler,some high school,
Cecil,M,Myrl Kandoll,bachelor's degree,
Kara,F,Lissa Andrews,high school,
Dan,M,Mikel Ranger,associate's degree,
Meghan,F,Yuri Tiller,some high school,
Dora,F,Jonas Reilley,associate's degree,
Brooklyn,F,Santina Sherlock,high school,
Margie,F,Corrine Snelling,associate's degree,
Allan,M,Kara Wierenga,some college,
Bethany,F,Noriko Arroyo,some high school,
Eduardo,M,Caron Brasch,associate's degree,
Ana,F,Geoffrey Follmer,associate's degree,
Hector,M,Clark Vasser,associate's degree,
Arnold,M,Wanetta Bold,some college,
Marsha,F,Maricela Damron,some college,
Karl,M,Lynsey Stinchcomb,some high school,
Nolan,M,Lovetta Kline,associate's degree,
Makayla,F,Gracia Moone,high school,
Hayden,M,Loma Shears,associate's degree,
Toni,F,Adelle Philbrick,bachelor's degree,
Riley,M,Clifford Poehler,bachelor's degree,
Christy,F,Sun Johnsrud,associate's degree,
Clinton,M,Jenell Marro,bachelor's degree,
Billie,F,Mendy Strayer,high school,
Johnnie,M,Harriette Ing,master's degree,
Dianne,F,Veola Domenech,associate's degree,
Ariana,F,Denisha Chabot,bachelor's degree,
Kendra,F,Corrina Carollo,associate's degree,
Alexandria,F,Cassandra Fike,high school,
Sierra,F,Johnson Pinedo,high school,
Bailey,F,Emery Gessner,some college,
Javier,M,Gaynelle Slaton,some high school,
Penny,F,Alysia Hipps,high school,
Maya,F,Deeann Keeler,some college,
Melody,F,Lilliam Harvard,some college,
Angel,F,Shara Syed,some college,
Roland,M,Lorinda Froman,associate's degree,
Omar,M,Bonita Briganti,some high school,
Hattie,F,Kendall Simons,high school,
Johnathan,M,Lakenya Seabrooks,associate's degree,
Kay,F,Jammie Gourlay,associate's degree,
Cecilia,F,Arlean Juergens,associate's degree,
Fernando,M,Boyce Wehmeyer,some college,
Terry,F,Sindy Galyean,associate's degree,
Darryl,M,Louis Bullard,high school,
Brendan,M,Vita Noonkester,associate's degree,
Felicia,F,Lakeesha Lesniak,some college,
Maxwell,M,Charlette Larry,associate's degree,
Jenny,F,Heidi Abadie,high school,
Micah,M,Shandi Medders,some college,
Isabelle,F,Jenny Severino,some college,
Ada,F,Patience Marley,some high school,
Briana,F,Lily Wolter,associate's degree,
Tanner,M,Robbyn Diem,some college,
Marguerite,F,Odette Laclair,high school,
Jamie,M,Charlsie Stern,high school,
Lonnie,M,Anne Dresel,high school,
Angelica,F,Josefina Smiley,some high school,
Marshall,M,Lisette Mehr,some college,
Bridget,F,Sherryl Siers,master's degree,
Tracey,F,Velia Brayman,some college,
Bob,M,Lyn Pan,associate's degree,
Abraham,M,Caitlin Bessey,high school,
Arianna,F,Cristine Roder,some college,
Madelyn,F,Claire Sward,associate's degree,
Adriana,F,Adelle Kovach,associate's degree,
Andy,M,Melissa Kear,bachelor's degree,
Brady,M,Rosetta Flagg,associate's degree,
Guy,M,Kina Koffler,some high school,
Nicolas,M,Lang Silver,some college,
Jackie,F,Regina Lentine,associate's degree,
Candace,F,Viki Cartledge,bachelor's degree,
Hope,F,Brett Aasen,associate's degree,
Karla,F,Glynda Maine,high school,
Claude,M,Joane Hasler,bachelor's degree,
Pedro,M,Sook Varnell,some high school,
Jillian,F,Priscila Leanos,bachelor's degree,
Brittney,F,Evan Deslauriers,some college,
Rachael,F,Luz Huddleston,some high school,
Damian,M,Joann Montag,bachelor's degree,
Lola,F,Jeannine Pfeil,high school,
Ross,M,Raina Batdorf,some college,
Kate,F,Madge Lossing,high school,
Layla,F,Vannessa Lopez,associate's degree,
Jade,F,Irvin Bumbrey,some college,
Harriet,F,Candida Salinas,some high school,
Bobbie,F,Natalya Bremer,some college,
Misty,F,Shalon Brook,master's degree,
Cooper,M,Kathaleen Clepper,some high school,
Kurt,M,Fausto Dionne,associate's degree,
Kristine,F,Hildegarde Kitch,associate's degree,
Aaliyah,F,Jarrett Celestin,associate's degree,
Geneva,F,Deneen Wind,high school,
Desiree,F,Bradly Ratchford,associate's degree,
Dakota,M,Gayle Modica,some college,
Shelly,F,Miles Wyrick,some high school,
Becky,F,Hilton Cousin,some high school,
Jacquelyn,F,Porsha Adcock,high school,
Kelly,M,Renita Glavin,some college,
Blanche,F,Hannelore Yetter,some college,
Velma,F,Norine Cane,associate's degree,
Krystal,F,Faustina Szabo,some high school,
Raul,M,Jeraldine Luque,high school,
Brad,M,Elza Prager,some college,
Ben,M,Jodee Grimm,associate's degree,
Sherri,F,Alba Mcpherson,some high school,
Andres,M,Tinisha Addington,some college,
Susie,F,Myrtice Andino,some high school,
Fannie,F,Kathern Gebo,some college,
Sidney,M,Almeta Razo,master's degree,
Zoey,F,Jared Threlkeld,associate's degree,
Miles,M,Lashawna Hough,some college,
Breanna,F,Kristi Tow,associate's degree,
Monique,F,Luther Lefevers,high school,
Hugh,M,Wilmer Larkin,bachelor's degree,
Lula,F,Cammy Scalf,associate's degree,
Iris,F,Deedee Prokop,high school,
Mathew,M,Leandra Allinder,associate's degree,
Byron,M,Terrilyn Maly,some college,
Jodi,F,Riley Wimbish,associate's degree,
Casey,F,Merrilee Shook,high school,
Tim,M,Filiberto Alverson,some college,
Elias,M,Elyse Kendig,bachelor's degree,
Rick,M,Alysha Ohern,some college,
Wallace,M,Armando Fortney,some high school,
Harper,F,Lavona Shoup,some college,
Summer,F,Quentin Wroten,master's degree,
Grayson,M,Coral Bow,some high school,
Dalton,M,Lorrie Bradley,associate's degree,
Lynda,F,Eliana Zych,associate's degree,
Harrison,M,Brigida Edgar,some college,
Krista,F,Kourtney Fannin,bachelor's degree,
Hilda,F,Peg Mcelyea,some college,
Tyrone,M,Elizabet Bodine,some college,
Jaxon,M,Fannie Bostic,high school,
Rafael,M,Carolann Dupler,some high school,
Gabriela,F,Devora Mcguire,some high school,
Nevaeh,F,Myrtie Splawn,high school,
Sheryl,F,Riva Cha,some college,
Drew,M,Albert Redd,high school,
Kristi,F,Harley Mcmeen,high school,
Rosie,F,Malika Alanis,high school,
Elena,F,Arcelia Eubanks,some high school,
Angelo,M,Mandie Benito,some college,
Eunice,F,Terry Cleary,high school,
Shelley,F,Nicolas China,bachelor's degree,
Nelson,M,Claud Linley,some high school,
Antoinette,F,Rae Luciani,bachelor's degree,
Dwayne,M,Ines Scalf,some college,
Dwight,M,Tera Durante,some high school,
Kelli,F,Markus Kump,high school,
Julius,M,Clare Hakes,some college,
Jackie,M,Mazie Mebane,some college,
Trinity,F,Celestine Metheny,associate's degree,
Shaun,M,Jerrell Goold,associate's degree,
Meredith,F,Eneida Koeppel,master's degree,
Kaleb,M,Ailene Eddleman,high school,
Sergio,M,Cora Leeds,associate's degree,
Collin,M,Mirian Orman,bachelor's degree,
Rebekah,F,Rachel Rink,some high school,
Greg,M,Natalya Falgoust,some high school,
Emmanuel,M,Garnett Calderone,some college,
Mamie,F,Dorethea Dudding,associate's degree,
Willard,M,Jaimie Siemers,master's degree,
Ramon,M,Milton Sabol,high school,
Perry,M,Betsey Gallman,some college,
Bianca,F,Molly Mckinzie,high school,
Kristy,F,Carrol Harrelson,some high school,
Candice,F,Dylan Mcbay,high school,
Jaden,M,Veta Fultz,associate's degree,
Belinda,F,Mariette Whitten,high school,
Gracie,F,Xenia Parrales,associate's degree,
Devon,M,Erwin Ohlinger,some college,
Ted,M,Zetta Haan,associate's degree,
Terrence,M,Rusty Twiggs,some high school,
Janie,F,Zachary Pitre,some high school,
Stuart,M,Stacy Andrzejewski,associate's degree,
Armando,M,Julie Heineman,some college,
Rosalie,F,Yuriko Temme,some college,
Marco,M,Deidra Hufford,some college,
Cesar,M,Anisa Gordillo,some college,
Ayden,M,Luna Gleaton,high school,
Ashton,M,Laci Pasko,high school,
Irma,F,Julene Kohr,bachelor's degree,
Peyton,F,Felicita Bemis,some high school,
Wade,M,Hollis Okeefe,high school,
Terrance,M,Margherita Ceron,master's degree,
Erick,M,Doyle Kegler,some high school,
Freddie,M,Kris Zuniga,high school,
Beulah,F,Ladawn Reitz,some high school,
Felix,M,Isaiah Frink,bachelor's degree,
Kennedy,F,Demetrius Meadow,bachelor's degree,
Marion,M,Markus Mcduffy,high school,
Ariel,F,Otelia Montoya,some high school,
Brody,M,Florene Chartrand,some high school,
Virgil,M,Olene Fink,bachelor's degree,
Adrienne,F,Gerardo Mazurek,some college,
Roman,M,Victor Brunswick,high school,
Morris,M,Sheilah Izaguirre,some high school,
Robyn,F,Jenae Newbold,high school,
Clifton,M,Jospeh Foushee,associate's degree,
Kent,M,Peggie Pankey,some high school,
Jonathon,M,Coralee Basel,some high school,
Jaime,M,Loraine Mcmillan,some high school,
Kirk,M,Elidia Stutts,some college,
Sandy,F,Ria Atkins,bachelor's degree,
Jeannette,F,Claudio Dibella,bachelor's degree,
Alberta,F,Vernell Millican,high school,
Elise,F,Renato Carraway,some college,
Verna,F,Tajuana Rubalcaba,high school,
Giovanni,M,Shaquana Thiele,high school,
Camila,F,Zane Applebee,high school,
Simon,M,Terese Chace,associate's degree,
Carly,F,Ruben Albee,associate's degree,
Faye,F,Claretta Helmers,high school,
Sonia,F,Dorris Chastain,some high school,
Camille,F,Emerson Harriston,high school,
Opal,F,Pricilla Shedd,some college,
Nichole,F,Carie Murry,some high school,
Ramona,F,Mitchel Obey,master's degree,
Cheyenne,F,Carlee Colella,master's degree,
Scarlett,F,Billye Kirsch,high school,
Flora,F,Yaeko Liz,high school,
Sonya,F,Helene Boatman,associate's degree,
Jace,M,Rachele Buzzard,master's degree,
Della,F,Delinda Matta,high school,
Leonardo,M,Hyun Melody,some college,
Penelope,F,Rey Letsinger,some high school,
Lorenzo,M,Gabriella Coyle,some high school,
Genesis,F,Demetria Mund,bachelor's degree,
Jonah,M,Angeles Matteo,some college,
Daryl,M,Venice Underhill,bachelor's degree,
Lila,F,Naoma Ames,high school,
Kristopher,M,Mora Katzman,associate's degree,
Natalia,F,Grisel Berger,associate's degree,
Malcolm,M,Catheryn Buser,master's degree,
Gianna,F,Stephania Fail,bachelor's degree,
Inez,F,Marsha Canton,some college,
Skylar,F,Euna Risk,associate's degree,
Valeria,F,Leopoldo Osby,some college,
Marianne,F,Stormy Browder,high school,
Damon,M,Karrie Morrisey,associate's degree,
Lincoln,M,Tammera Uzzle,associate's degree,
Luther,M,Mavis Macrae,associate's degree,
Ellie,F,Ellyn Labrie,high school,
Guadalupe,F,Heike Roehrig,some college,
Fredrick,M,Milissa Tiffany,associate's degree,
Jada,F,Mona Clow,associate's degree,
Yvette,F,Aurelio Angles,bachelor's degree,
Dillon,M,Dominque Bogner,some college,
Dallas,M,Lorriane Lovitt,some college,
Alexis,M,Fransisca Bouie,some high school,
Marcella,F,Joy Girard,some high school,
Geoffrey,M,Tamisha Steinert,associate's degree,
Dave,M,Katrina Boyce,bachelor's degree,
Hudson,M,Concetta Everts,bachelor's degree,
Dominick,M,Lashaun Havlik,high school,
Bryson,M,Loida Lessman,bachelor's degree,
Angie,F,Conception Pritt,associate's degree,
Lynne,F,Glenna Hoffman,associate's degree,
Lee,F,Matha Pasco,associate's degree,
Kari,F,Lacy Lampman,high school,
Bella,F,Rheba Lueras,some college,
Cristian,M,Brenda Thakkar,high school,
Maryann,F,Wilda Spagnolo,some college,
Gayle,F,Eileen Lightford,associate's degree,
Tabitha,F,Jeanne Farias,master's degree,
Sheri,F,Janella Dangelo,some high school,
Patty,F,Angelina Dunneback,associate's degree,
Olga,F,Nella Denker,some high school,
Rickey,M,Bula Fenstermaker,high school,
Israel,M,Joshua Raminez,some high school,
Alisha,F,Krysta Alsup,associate's degree,
Alberto,M,Toya Skow,some high school,
Santiago,M,Kimberli Harrington,master's degree,
Tracy,M,Caren Mckey,master's degree,
Julio,M,Erica Duden,high school,
Kaden,M,Honey Binder,bachelor's degree,
Abby,F,Hipolito Yamasaki,some high school,
Alana,F,Burma Deyoe,some college,
Daniela,F,Wayne Earp,high school,
Kaitlin,F,Guillermo Feltz,some college,
Myra,F,Debby Reynosa,bachelor's degree,
Roxanne,F,Oleta Kwong,bachelor's degree,
Caden,M,Phoebe Nestle,bachelor's degree,
Damien,M,Lyda Mcmunn,some college,
Annabelle,F,Saturnina Albin,bachelor's degree,
Karina,F,Zoe Orndorff,bachelor's degree,
Donnie,M,Robin Acheson,associate's degree,
Kendall,F,Rafaela Zamarripa,some college,
Homer,M,Fransisca Rand,bachelor's degree,
Lyle,M,Foster Villicana,high school,
Mallory,F,Penney Lachowicz,associate's degree,
Callie,F,Lovella Dao,some college,
Juliana,F,Harriet Woodrow,high school,
Josie,F,Harmony Ohair,high school,
Celeste,F,Ardelia Fritz,high school,
Mckenzie,F,Twyla Kennemer,associate's degree,
Adeline,F,Noelia Gossard,high school,
Cassidy,F,Kasie Newbrough,some high school,
Gerard,M,Cristine Brook,associate's degree,
Aurora,F,Jaclyn Dodson,high school,
Rex,M,Peter Looney,associate's degree,
Enrique,M,Rosanna Rayburn,some high school,
Otis,M,Vivien Escalera,some college,
Lilly,F,Cindi Kenley,some college,
Gage,M,Norman Earles,associate's degree,
Jody,F,Kandice Lopez,bachelor's degree,
Earnest,M,Dawna Moss,associate's degree,
Donovan,M,Ray Capp,some college,
Janelle,F,Keeley Harty,associate's degree,
Serenity,F,Charlesetta Chae,high school,
Trenton,M,Jacquelyne Hibbler,some college,
Aimee,F,Anastasia Calderwood,some high school,
Kirsten,F,Ermelinda Mccluney,master's degree,
Asher,M,Lucia Postel,master's degree,
Hubert,M,Malinda Clubb,high school,
Dianna,F,Evelynn Hughley,some high school,
Avery,M,Ricki Palazzo,high school,
Cecelia,F,Tara Boxx,associate's degree,
Dominique,F,Laverne Griffiths,high school,
Mya,F,Kermit Stairs,some college,
Emmett,M,Toney Razor,some high school,
Olive,F,Leatha Barfoot,high school,
Wilbur,M,Gus Brawner,high school,
Lacey,F,Judith Coggin,some college,
Liliana,F,Porter Bridge,some high school,
Mateo,M,Wilma Towne,high school,
Salvatore,M,Normand Kuehner,some college,
Cara,F,Lashell Bibbs,associate's degree,
Muriel,F,Collene Collado,some college,
Alfredo,M,Janessa Conine,master's degree,
Neal,M,Brigette Bloomfield,high school,
Mikayla,F,Jerome Hunley,high school,
Eliza,F,Avril Krogh,some college,
Hayley,F,Kizzy Hinkle,some high school,
Nadine,F,Kristeen Patrick,associate's degree,
Bernadette,F,Briana Feehan,some high school,
Celia,F,Mica Biffle,some college,
Arturo,M,Perla Myles,some college,
Cristina,F,Lavern Bays,some high school,
Jan,F,Marietta Sun,some college,
Jordyn,F,Jeri Buttner,associate's degree,
Lana,F,Hang Hutter,bachelor's degree,
Erma,F,Kimber Couture,bachelor's degree,
Dana,M,Patsy Veliz,some high school,
Jaclyn,F,Creola Mcpeters,high school,
Vicky,F,Bari Burkhardt,some college,
Caitlyn,F,Drucilla Bhakta,some college,
Alec,M,Chara Messana,some college,
Gretchen,F,Inocencia Pfannenstiel,some college,
Leland,M,Divina Goodson,associate's degree,
Johanna,F,Britt Leclerc,high school,
Horace,M,Meryl Mast,associate's degree,
Shannon,M,Otelia Trottier,high school,
Jaime,F,Marnie Larue,some high school,
Colby,M,Rufus Heldt,some high school,
Joey,M,Le Harbin,some college,
Abel,M,Stan Clow,some high school,
Traci,F,Aundrea Hauff,high school,
Kellie,F,Enola Hernandes,associate's degree,
Estelle,F,Adriene Grabert,some high school,
Kerry,F,Hillary Daugherty,some high school,
Ira,M,Desire Sae,some college,
Conner,M,Susie Neisler,high school,
Payton,F,Nancy Garrow,some high school,
Wendell,M,Margit Swing,associate's degree,
Ezra,M,Carmine Cogdill,bachelor's degree,
Trent,M,Shaunda Amburn,high school,
Eloise,F,Melva Police,master's degree,
Rudolph,M,Billie Pitre,high school,
Aria,F,Shiloh Guilliams,high school,
Ivy,F,Selena Prideaux,some college,
Graham,M,Rutha Starnes,some college,
